PatientID,BPD,HC,AC,FL,GA,FBW
Patient00168,0.3222781677246094,1.1533134758942505,0.9298073890800395,0.20028541564941407,10.637445630221208,25.710114687486886
Patient00188,0.26687448120117185,1.0080434663158016,0.8932898662853861,0.2650899353027344,10.642901497959198,26.123080936765383
Patient00305,0.5178706665039062,1.9383543047333465,1.7044006707829298,0.4208944091796875,10.676360350945822,30.58833388425933
Patient00631,0.5422388305664063,1.9779168169043415,1.6732091039301615,0.5930798950195313,10.683414988220825,32.42812526254559
Patient00640,0.5131967163085938,1.7788338906427419,1.991314161149672,0.5594873046875,10.686893093835547,32.886682246640405
